{
    "experiment": "denoising_diffusion",
    "num_samples": 8,
    "num_inference_steps": 100,
    "results": [
        {
            "noise_level": 0.3,
            "time_seconds": 2.3747894763946533,
            "time_per_sample_ms": 296.84868454933167,
            "num_steps": 100
        },
        {
            "noise_level": 0.5,
            "time_seconds": 1.2215385437011719,
            "time_per_sample_ms": 152.69231796264648,
            "num_steps": 100
        },
        {
            "noise_level": 0.7,
            "time_seconds": 1.2401838302612305,
            "time_per_sample_ms": 155.0229787826538,
            "num_steps": 100
        }
    ]
}