{
    "experiment": "unconditional_generation",
    "model": "google/ddpm-cifar10-32",
    "results": [
        {
            "num_steps": 10,
            "time_seconds": 1.1834805011749268,
            "time_per_sample_ms": 73.96753132343292
        },
        {
            "num_steps": 25,
            "time_seconds": 0.48212695121765137,
            "time_per_sample_ms": 30.13293445110321
        },
        {
            "num_steps": 50,
            "time_seconds": 0.969045877456665,
            "time_per_sample_ms": 60.565367341041565
        },
        {
            "num_steps": 100,
            "time_seconds": 1.9487946033477783,
            "time_per_sample_ms": 121.79966270923615
        }
    ]
}